{"cameraMode":{"drawMode":0,"name":"Shaded","section":"Shading Mode"},"sceneLighting":true,"audioPlay":false,"sceneViewState":{"m_AlwaysRefresh":false,"showFog":true,"showSkybox":true,"showFlares":true,"showImageEffects":true,"showParticleSystems":true,"showVisualEffectGraphs":true,"m_FxEnabled":true},"in2DMode":false,"pivot":{"x":689.447998046875,"y":195.08470153808595,"z":-147.68765258789063},"rotation":{"x":0.028803372755646707,"y":0.01230513397604227,"z":-0.0003549992688931525,"w":0.9995089769363403},"size":25.534385681152345,"orthographic":false}